{
  "view": {
    "west": -123.3,
    "east": -122.4,
    "south": 48.3,
    "north": 48.8
  },
  "svg": {
    "width": 1000,
    "height": 839
  },
  "centerLat": 48.55,
  "lonScale": 0.6619662088277269,
  "scale": 1678.5012532267824
}